metric,alpha,n
masking_reinforcement,0.8084925528448559,576
infantilization,-0.7037271534140206,576
stereotyping,-0.026679851443271785,576
refusal,-0.006999125109361293,576
pathologization,0.009547296836237118,576
validation_quality,0.6999934765098182,576
