metric,alpha,n
masking_reinforcement,0.8350918475327099,468
infantilization,-0.68108068227055,468
stereotyping,-0.0024667514648508693,468
refusal,-0.008629989212513456,468
pathologization,0.04587961945836794,468
validation_quality,0.7352976437574792,468
